INSERT INTO instrument (id,instrment_name,rented_price_per_month)
VALUES
  (1,'ligula.',11),
  (2,'nec,',19),
  (3,'euismod',19),
  (4,'est,',16),
  (5,'feugiat',18),
  (6,'Duis',11),
  (7,'eget',13),
  (8,'Cras',15),
  (9,'non',15),
  (10,'In',19);

INSERT INTO person (id,person_number,name,city,zip,street)
VALUES
  (1,'443946139870','Isaac Wilkins','Ladysmith','18578','281-2201 Aenean Av.'),
  (2,'116362076842','Aaron Small','Ålesund','35172','884-6396 Consectetuer St.'),
  (3,'568244548125','Jenette Morin','Drohobych','70742','158-9025 Lobortis St.'),
  (4,'094519658589','Amal Mayer','Kharmang','76366','401-588 Sodales St.'),
  (5,'438654167230','Deborah Harrington','Catbalogan','87139','Ap #640-7908 Vestibulum. St.'),
  (6,'445658059008','Caleb Gardner','Inner Mongolia','63782','740-610 Tristique St.'),
  (7,'748175283321','Hannah Holder','Pinneberg','23775','1623 Vestibulum Av.'),
  (8,'423786562821','Dana Jarvis','East Jakarta','36543','P.O. Box 176, 6446 A Rd.'),
  (9,'652201871857','Talon Carver','Heilongjiang','16299','Ap #607-3831 Nec, Ave'),
  (10,'284340392450','Asher Grimes','Palmerston North','81829','3815 Purus. Ave');
INSERT INTO person (id,person_number,name,city,zip,street)
VALUES
  (11,'248082159479','Remedios Mcintosh','Kotamobagu','29929','491-4586 Facilisis Rd.'),
  (12,'165254380345','Fuller Edwards','Shaanxi','36422','Ap #424-8123 Congue. Rd.'),
  (13,'587275788114','Ryan Reyes','Codó','96341','P.O. Box 240, 390 Cras Street'),
  (14,'820233240824','Hayes Gray','Ledbury','41821','1066 Quis, Road'),
  (15,'376517936264','Omar Mayer','Delhi','40859','P.O. Box 612, 8776 At, Ave'),
  (16,'217546124236','Carson Roach','Dover','93840','P.O. Box 917, 1348 Convallis St.'),
  (17,'816661822550','Paloma Bray','Umlazi','92158','8134 Dictum Rd.'),
  (18,'666852794298','Sandra Walters','Tiel','17047','P.O. Box 485, 4810 Augue Ave'),
  (19,'106112741132','Troy Mcintosh','Bạc Liêu','15545','2530 Mauris Av.'),
  (20,'148166928825','Angela Kidd','Montigny-lès-Metz','81065','794-9675 Nunc Avenue');
INSERT INTO person (id,person_number,name,city,zip,street)
VALUES
  (21,'848138595235','Kirk Graves','Hazaribag','13575','6645 Posuere St.'),
  (22,'284714494187','Janna Jacobson','Chepén','82574','Ap #922-9473 Varius Rd.'),
  (23,'032680478879','Uriel Hewitt','Wörgl','73715','P.O. Box 665, 8035 Nulla Rd.'),
  (24,'744255814342','Zena Chaney','Jiangsu','55837','301-5050 Tincidunt Road'),
  (25,'105336472840','Leonard Curtis','Nagar','49628','P.O. Box 476, 3145 Turpis Rd.'),
  (26,'842821894648','Prescott Ball','Travo','18113','Ap #575-4697 Nulla Street'),
  (27,'663436382721','Yetta Trevino','Goes','02584','463-8751 Nunc Av.'),
  (28,'653722353394','Yen Luna','Kropyvnytskyi','61704','P.O. Box 643, 2534 Pharetra. St.'),
  (29,'934735575163','Joelle Dennis','Mataró','41337','Ap #437-4227 Libero. St.'),
  (30,'777610289735','Harriet Noel','Gouda','58470','6427 Egestas Ave');
INSERT INTO person (id,person_number,name,city,zip,street)
VALUES
  (31,'717723558131','Gillian Waller','Wodonga','96768','251-5608 Mauris Rd.'),
  (32,'766849767644','Beck Todd','Pau','35235','Ap #869-726 Lectus Avenue'),
  (33,'357752788655','Blythe Bridges','Belfast','03336','1592 Eros Street'),
  (34,'981692847346','Len Allison','Warszawa','57256','Ap #631-332 Ipsum. Street'),
  (35,'873237286870','Signe Mayer','Okene','96777','588-6798 Mauris, Avenue'),
  (36,'667745726408','Lester Meyers','Campbellton','39244','1408 Dignissim Avenue'),
  (37,'928532433414','Melanie Parks','Belfast','45843','112-9595 Ultrices Street'),
  (38,'624128651567','Cora French','Grave','41873','639-2541 Nulla Avenue'),
  (39,'604417314035','Diana Valencia','Mandurah','46236','5933 Erat. Road'),
  (40,'626241101489','Abraham Hartman','North Waziristan','47827','482-1509 Pharetra. Rd.');
INSERT INTO person (id,person_number,name,city,zip,street)
VALUES
  (41,'433490757463','Guy Allen','Pamplona','43347','P.O. Box 215, 6803 Augue Rd.'),
  (42,'501114887952','Abel Nixon','Marikina','83305','4707 Dapibus St.'),
  (43,'662863510321','Amela Eaton','Khyber Agency','68744','9022 Faucibus Rd.'),
  (44,'883847644750','McKenzie David','Dutse','19537','P.O. Box 461, 7583 Morbi Av.'),
  (45,'113188195900','Quin Rodriquez','Gols','57418','5903 Vitae St.'),
  (46,'202830238881','Fletcher Franco','Schwechat','11211','868-3104 Vel Road'),
  (47,'370252141967','Vance Sexton','Bihar Sharif','76558','Ap #514-3423 Mi, Street'),
  (48,'788557787737','Porter Morrison','Gojal Upper Hunza','61240','503-4314 Phasellus St.'),
  (49,'134861898361','Cullen Kerr','Neuwied','51175','976-6567 Rhoncus. Ave'),
  (50,'745353047882','Octavius Mack','Yunnan','56623','126-9098 Commodo Avenue');
INSERT INTO person (id,person_number,name,city,zip,street)
VALUES
  (51,'664793328989','Ignacia Kramer','Södertälje','68534','Ap #638-6708 Cursus, Av.'),
  (52,'239026588659','Jack Rivera','Purral','66043','6520 Sollicitudin Ave'),
  (53,'521035657845','Jamalia Delacruz','Cork','15256','Ap #107-7576 Lectus. Ave'),
  (54,'474660568710','Miranda Hanson','Hallein','29371','P.O. Box 107, 1771 Sed Avenue'),
  (55,'164322935270','Aurelia Callahan','Chuncheon','60463','P.O. Box 902, 859 Ut Rd.'),
  (56,'657067853532','Harper Gillespie','Ceuta','31797','731-1799 Sem, Street'),
  (57,'764376702571','Sarah Olson','Norman Wells','23943','2486 Cras Road'),
  (58,'898037892975','Hilary Rose','Chilpancingo','18795','Ap #742-1614 Sem. St.'),
  (59,'128173759124','Hadassah Marshall','Novgorod','73631','Ap #300-9779 Molestie Ave'),
  (60,'113837694283','Dara Foley','Hà Nội','78767','P.O. Box 310, 5856 A Av.');
INSERT INTO person (id,person_number,name,city,zip,street)
VALUES
  (61,'657588757532','Ethan Armstrong','Bida','62874','Ap #586-3552 Velit. Road'),
  (62,'429852357440','Blake Mcmahon','Lens','68204','384-1978 Vulputate, St.'),
  (63,'899012831673','Ocean Wilkins','Oyo','58805','4663 Aliquet St.'),
  (64,'356721137695','Yen Berg','Vallentuna','84217','P.O. Box 989, 7767 Adipiscing Av.'),
  (65,'677193423726','Vladimir George','Siedlce','32988','Ap #247-6250 Ultricies Road'),
  (66,'499241748771','Yuli Rodriquez','Sutton','62411','128-2907 Non St.'),
  (67,'216496862233','Maggie Phillips','Ivanovo','48468','699-5560 Tortor. Road'),
  (68,'547907111946','Lane Cherry','Khmelnytskyi','26550','898-9512 Amet St.'),
  (69,'466402676664','Debra Mcdonald','Edremit','13253','229-776 Lectus Avenue'),
  (70,'751164323268','Hu Byrd','Chepén','31516','516-5369 Enim, Street');
INSERT INTO person (id,person_number,name,city,zip,street)
VALUES
  (71,'141256873547','Rhiannon Branch','Taltal','53257','Ap #935-1478 Praesent Road'),
  (72,'840418161881','Molly Ruiz','Suwałki','00511','Ap #211-7373 Morbi Avenue'),
  (73,'693282336302','Lucy Bowers','Yurimaguas','61474','769-7483 Sodales Road'),
  (74,'636214961251','Serina Webster','Stockholm','26975','4669 Tellus, Rd.'),
  (75,'716639873263','Sandra Morse','Berg','21787','Ap #383-6444 Vulputate Avenue'),
  (76,'743101648654','Raphael Espinoza','Ciudad Valles','40168','P.O. Box 508, 9742 Purus Rd.'),
  (77,'233880371069','Arden Carlson','Ijebu Ode','86724','5892 Est St.'),
  (78,'133764248258','Jerome Willis','Geelong','19535','241-7193 Sed Av.'),
  (79,'300263158400','Madison Fuentes','Quesada','29620','Ap #105-2066 Elementum Street'),
  (80,'655331940452','Eliana Fuller','Belfast','47223','P.O. Box 320, 3665 Ridiculus St.');
INSERT INTO person (id,person_number,name,city,zip,street)
VALUES
  (81,'817851956633','Iola Thomas','Dublin','62398','P.O. Box 620, 4372 Ante St.'),
  (82,'876436859800','Quynn Pratt','Asan','85226','Ap #535-4411 Pede Road'),
  (83,'521821734123','Melodie Mckinney','Arequipa','10977','Ap #473-8195 Fringilla Avenue'),
  (84,'250008228867','Stacy Glover','Ilbono','47777','591-2508 Magna St.'),
  (85,'462649662761','Sawyer Allison','North Waziristan','84826','162-3978 Massa. St.'),
  (86,'056582681646','Upton Vincent','Aurora','68377','6534 Dignissim St.'),
  (87,'445882482955','Medge Franco','Campinas','68346','746-9937 Erat Rd.'),
  (88,'235741028528','Regina Lee','Juiz de Fora','24994','686-2165 Adipiscing St.'),
  (89,'780183825186','Kelsie Mosley','Baguio','24148','4596 Proin Road'),
  (90,'518457163133','Kadeem Reeves','Palena','71344','Ap #814-8159 Ac, St.');
INSERT INTO person (id,person_number,name,city,zip,street)
VALUES
  (91,'823400435403','Thomas Roy','Kech','17399','1540 Id, Street'),
  (92,'322439933108','Rudyard Hernandez','Puno','73845','P.O. Box 589, 8688 Ipsum Av.'),
  (93,'865670864625','Eve Washington','Ivangorod','44425','Ap #638-5301 Lobortis Street'),
  (94,'178525356357','Ramona Mckenzie','Gongju','56455','514-1432 Felis. St.'),
  (95,'204632603756','Duncan Figueroa','Neeroeteren','74863','586-5929 Mauris Street'),
  (96,'397820688871','Gillian Knox','Quế','03576','Ap #128-5078 Nonummy Street'),
  (97,'889253583820','Halla Sweeney','Logroño','60796','740-3919 Imperdiet Av.'),
  (98,'236227898273','Abbot Whitney','Ercilla','24727','220-2117 Dictum Avenue'),
  (99,'812124475354','Julian Hahn','Belmont','07474','P.O. Box 316, 9845 Massa St.'),
  (100,'859229321245','Magee Wilkins','East Jakarta','69590','2820 Ut St.');
INSERT INTO person (id,person_number,name,city,zip,street)
VALUES
  (101,'273315486145','Nero Schroeder','Katsina','88072','864-9387 Non, Ave'),
  (102,'275268839460','Fitzgerald Rasmussen','Canning','66150','Ap #696-9246 Dapibus Rd.'),
  (103,'072687488845','Lavinia Wallace','Chantemelle','42559','404-3068 Arcu St.'),
  (104,'851325467644','Fulton Mercer','Dumai','49381','6036 Lorem, St.'),
  (105,'586878560297','Burke Gordon','Souvret','58381','P.O. Box 815, 7571 Lorem Road'),
  (106,'444383934436','Hayley Pate','La Rochelle','81342','P.O. Box 166, 8291 Arcu. Ave'),
  (107,'614229984140','Jamalia Bird','Denpasar','14585','Ap #655-1910 Sodales St.'),
  (108,'390505148627','Dominic Newman','Peshawar','76753','Ap #859-7500 Sed, Ave'),
  (109,'137978743383','Brooke Cruz','Greifswald','75866','P.O. Box 768, 8929 Arcu Road'),
  (110,'825729875611','Natalie Salinas','Sotteville-lès-Rouen','61643','941-9225 Elit, Ave');


INSERT INTO lesson_discount (id,discount_rule,discount_rate)
VALUES
  (1, 'sibling', 0.8);

INSERT INTO lesson_price (id,type,level,price_amount,start_time,end_time,lesson_discount_id)
VALUES
  (1,'individual','beginner',517,'Nov 4, 2023','Dec 18, 2023',1),
  (2,'individual','beginner',512,'Nov 19, 2023','Dec 22, 2023',1),
  (3,'individual','beginner',503,'Nov 12, 2023','Dec 11, 2023',1),
  (4,'group','intermediate',497,'Nov 30, 2023','Dec 13, 2023',1),
  (5,'group','intermediate',399,'Nov 17, 2023','Dec 4, 2023',1),
  (6,'group','intermediate',736,'Nov 27, 2023','Dec 18, 2023',1),
  (7,'ensemble','advanced',633,'Nov 12, 2023','Dec 20, 2023',1),
  (8,'ensemble','advanced',194,'Nov 7, 2023','Dec 17, 2023',1),
  (9,'ensemble','advanced',687,'Nov 4, 2023','Dec 11, 2023',1),
  (10,'individual','beginner',697,'Nov 21, 2023','Dec 12, 2023',1);

INSERT INTO instrument_stock (id,brand,type,quantity,instrument_id)
VALUES
  (1,'inceptos','Nullam',5,1),
  (2,'lobortis','sodales',1,2),
  (3,'orci.','non',3,3),
  (4,'massa.','sagittis.',9,4),
  (5,'enim.','turpis.',8,5),
  (6,'imperdiet','libero.',5,6),
  (7,'a,','arcu.',3,7),
  (8,'dui','id',9,8),
  (9,'Phasellus','Nunc',1,9),
  (10,'consequat,','non,',5,10);

INSERT INTO instructor (id,instruments_taught,person_id)
VALUES
  (1,'suscipit',1),
  (2,'enim',2),
  (3,'augue',3),
  (4,'augue.',4),
  (5,'eget',5),
  (6,'nibh',6),
  (7,'dictum',7),
  (8,'felis',8),
  (9,'Nullam',9),
  (10,'metus.',10);

INSERT INTO student (id,person_id,contact_person_phone)
VALUES
  (1,11,'491756866272'),
  (2,12,'830858353157'),
  (3,13,'416216923664'),
  (4,14,'109351616076'),
  (5,15,'555221803116'),
  (6,16,'781818256115'),
  (7,17,'817780566509'),
  (8,18,'163162197995'),
  (9,19,'672235912746'),
  (10,20,'972542722241');
INSERT INTO student (id,person_id,contact_person_phone)
VALUES
  (11,21,'724605333581'),
  (12,22,'596724162216'),
  (13,23,'587236817874'),
  (14,24,'463485161802'),
  (15,25,'463210650039'),
  (16,26,'383226117063'),
  (17,27,'377339298842'),
  (18,28,'837154942173'),
  (19,29,'424387875403'),
  (20,30,'827575548976');
INSERT INTO student (id,person_id,contact_person_phone)
VALUES
  (21,31,'049837222173'),
  (22,32,'317067278319'),
  (23,33,'248791836587'),
  (24,34,'171458749547'),
  (25,35,'541391611424'),
  (26,36,'662436987891'),
  (27,37,'783841765222'),
  (28,38,'642659607287'),
  (29,39,'588748711884'),
  (30,40,'208116474483');
INSERT INTO student (id,person_id,contact_person_phone)
VALUES
  (31,41,'624804432247'),
  (32,42,'266393855755'),
  (33,43,'771186534603'),
  (34,44,'555353213849'),
  (35,45,'370801607477'),
  (36,46,'012366815620'),
  (37,47,'052285464672'),
  (38,48,'134850136828'),
  (39,49,'865111285551'),
  (40,50,'294652232443');
INSERT INTO student (id,person_id,contact_person_phone)
VALUES
  (41,51,'246797737831'),
  (42,52,'365586346393'),
  (43,53,'777801843474'),
  (44,54,'864308367722'),
  (45,55,'511631593551'),
  (46,56,'142826648272'),
  (47,57,'081501761861'),
  (48,58,'644408453851'),
  (49,59,'048167138154'),
  (50,60,'692880333517');
INSERT INTO student (id,person_id,contact_person_phone)
VALUES
  (51,61,'889579866277'),
  (52,62,'937586438242'),
  (53,63,'403358312435'),
  (54,64,'637666393321'),
  (55,65,'493937384365'),
  (56,66,'438224654654'),
  (57,67,'466470742960'),
  (58,68,'821928166140'),
  (59,69,'758536735270'),
  (60,70,'644610558985');
INSERT INTO student (id,person_id,contact_person_phone)
VALUES
  (61,71,'113166252857'),
  (62,72,'207361264738'),
  (63,73,'293614110562'),
  (64,74,'781683613478'),
  (65,75,'604096694586'),
  (66,76,'968752161152'),
  (67,77,'852268633552'),
  (68,78,'856724869861'),
  (69,79,'869354881220'),
  (70,80,'592453750141');
INSERT INTO student (id,person_id,contact_person_phone)
VALUES
  (71,81,'385789518779'),
  (72,82,'455876769723'),
  (73,83,'668819216720'),
  (74,84,'503577313710'),
  (75,85,'423554742514'),
  (76,86,'575083742699'),
  (77,87,'356022144779'),
  (78,88,'148962243458'),
  (79,89,'534533240255'),
  (80,90,'116683863694');
INSERT INTO student (id,person_id,contact_person_phone)
VALUES
  (81,91,'988687537767'),
  (82,92,'358135521213'),
  (83,93,'214106221342'),
  (84,94,'195788797042'),
  (85,95,'475734040636'),
  (86,96,'365616645340'),
  (87,97,'527242303874'),
  (88,98,'780452078299'),
  (89,99,'647513574764'),
  (90,100,'583498736740');
INSERT INTO student (id,person_id,contact_person_phone)
VALUES
  (91,101,'308803111972'),
  (92,102,'722572414117'),
  (93,103,'453553520845'),
  (94,104,'344283551647'),
  (95,105,'031727192689'),
  (96,106,'782252275851'),
  (97,107,'337122627876'),
  (98,108,'917888362492'),
  (99,109,'329065329027'),
  (100,110,'370670214788');


INSERT INTO siblings (student_id,sibling_id)
VALUES
  (1,2),
  (1,3),
  (2,1),
  (2,3),
  (3,1),
  (3,2),
  (4,5),
  (5,4),
  (7,8),
  (8,7);

INSERT INTO lesson_schedule (id,start_time,end_time,instructor_id,lesson_price_id)
VALUES
  (1,'Nov 24, 2023','Dec 6, 2023',6,1),
  (2,'Nov 26, 2023','Dec 18, 2023',5,6),
  (3,'Nov 25, 2023','Dec 24, 2023',3,4),
  (4,'Nov 22, 2023','Dec 2, 2023',1,7),
  (5,'Nov 6, 2023','Dec 10, 2023',5,7),
  (6,'Nov 28, 2023','Dec 14, 2023',6,9),
  (7,'Nov 6, 2023','Dec 17, 2023',8,3),
  (8,'Nov 17, 2023','Dec 9, 2023',8,6),
  (9,'Nov 15, 2023','Dec 25, 2023',8,7),
  (10,'Nov 4, 2023','Dec 18, 2023',9,8);
INSERT INTO lesson_schedule (id,start_time,end_time,instructor_id,lesson_price_id)
VALUES
  (11,'Nov 12, 2023','Dec 15, 2023',2,8),
  (12,'Nov 29, 2023','Dec 13, 2023',5,6),
  (13,'Nov 12, 2023','Dec 29, 2023',3,6),
  (14,'Nov 25, 2023','Dec 10, 2023',8,9),
  (15,'Nov 17, 2023','Dec 24, 2023',3,7),
  (16,'Nov 11, 2023','Dec 8, 2023',5,9),
  (17,'Nov 22, 2023','Dec 25, 2023',7,2),
  (18,'Nov 15, 2023','Dec 12, 2023',7,7),
  (19,'Nov 25, 2023','Dec 3, 2023',9,8),
  (20,'Nov 21, 2023','Dec 7, 2023',3,8);
INSERT INTO lesson_schedule (id,start_time,end_time,instructor_id,lesson_price_id)
VALUES
  (21,'Nov 24, 2023','Dec 16, 2023',8,3),
  (22,'Nov 21, 2023','Dec 18, 2023',2,7),
  (23,'Nov 13, 2023','Dec 20, 2023',5,7),
  (24,'Nov 30, 2023','Dec 25, 2023',6,4),
  (25,'Nov 15, 2023','Dec 8, 2023',10,7),
  (26,'Nov 27, 2023','Dec 8, 2023',7,1),
  (27,'Nov 23, 2023','Dec 10, 2023',4,4),
  (28,'Nov 16, 2023','Dec 28, 2023',3,8),
  (29,'Nov 26, 2023','Dec 2, 2023',3,1),
  (30,'Nov 9, 2023','Dec 30, 2023',3,8);
INSERT INTO lesson_schedule (id,start_time,end_time,instructor_id,lesson_price_id)
VALUES
  (31,'Nov 26, 2023','Dec 4, 2023',9,5),
  (32,'Nov 11, 2023','Dec 21, 2023',3,4),
  (33,'Nov 15, 2023','Dec 20, 2023',6,3),
  (34,'Nov 23, 2023','Dec 1, 2023',9,9),
  (35,'Nov 18, 2023','Dec 13, 2023',2,3),
  (36,'Nov 18, 2023','Dec 10, 2023',5,6),
  (37,'Nov 17, 2023','Dec 31, 2023',3,4),
  (38,'Nov 6, 2023','Dec 8, 2023',6,8),
  (39,'Nov 2, 2023','Dec 20, 2023',8,4),
  (40,'Nov 13, 2023','Dec 18, 2023',9,10);
INSERT INTO lesson_schedule (id,start_time,end_time,instructor_id,lesson_price_id)
VALUES
  (41,'Nov 23, 2023','Dec 30, 2023',7,7),
  (42,'Nov 5, 2023','Dec 1, 2023',8,3),
  (43,'Nov 13, 2023','Dec 22, 2023',8,7),
  (44,'Nov 27, 2023','Dec 4, 2023',7,4),
  (45,'Nov 30, 2023','Dec 5, 2023',3,8),
  (46,'Nov 11, 2023','Dec 29, 2023',6,6),
  (47,'Nov 23, 2023','Dec 26, 2023',10,4),
  (48,'Nov 27, 2023','Dec 4, 2023',9,8),
  (49,'Nov 23, 2023','Dec 3, 2023',1,9),
  (50,'Nov 19, 2023','Dec 1, 2023',3,1);
INSERT INTO lesson_schedule (id,start_time,end_time,instructor_id,lesson_price_id)
VALUES
  (51,'Nov 29, 2023','Dec 25, 2023',10,8),
  (52,'Nov 5, 2023','Dec 27, 2023',4,10),
  (53,'Nov 29, 2023','Dec 16, 2023',3,2),
  (54,'Nov 11, 2023','Dec 12, 2023',2,6),
  (55,'Nov 30, 2023','Dec 10, 2023',9,9),
  (56,'Nov 15, 2023','Dec 9, 2023',9,2),
  (57,'Nov 8, 2023','Dec 8, 2023',3,6),
  (58,'Nov 16, 2023','Dec 14, 2023',8,6),
  (59,'Nov 25, 2023','Dec 31, 2023',3,4),
  (60,'Nov 27, 2023','Dec 6, 2023',9,10);
INSERT INTO lesson_schedule (id,start_time,end_time,instructor_id,lesson_price_id)
VALUES
  (61,'Nov 8, 2023','Dec 6, 2023',6,2),
  (62,'Nov 21, 2023','Dec 24, 2023',3,9),
  (63,'Nov 26, 2023','Dec 7, 2023',2,10),
  (64,'Nov 24, 2023','Dec 27, 2023',7,8),
  (65,'Nov 3, 2023','Dec 31, 2023',4,10),
  (66,'Nov 2, 2023','Dec 5, 2023',9,5),
  (67,'Nov 14, 2023','Dec 15, 2023',3,2),
  (68,'Nov 20, 2023','Dec 5, 2023',7,9),
  (69,'Nov 9, 2023','Dec 17, 2023',8,8),
  (70,'Nov 26, 2023','Dec 11, 2023',7,2);
INSERT INTO lesson_schedule (id,start_time,end_time,instructor_id,lesson_price_id)
VALUES
  (71,'Nov 17, 2023','Dec 19, 2023',6,9),
  (72,'Nov 3, 2023','Dec 23, 2023',2,4),
  (73,'Nov 9, 2023','Dec 16, 2023',8,5),
  (74,'Nov 3, 2023','Dec 31, 2023',3,3),
  (75,'Nov 18, 2023','Dec 16, 2023',3,3),
  (76,'Nov 23, 2023','Dec 14, 2023',10,1),
  (77,'Nov 23, 2023','Dec 24, 2023',5,2),
  (78,'Nov 21, 2023','Dec 1, 2023',8,1),
  (79,'Nov 18, 2023','Dec 28, 2023',9,9),
  (80,'Nov 2, 2023','Dec 30, 2023',5,4);
INSERT INTO lesson_schedule (id,start_time,end_time,instructor_id,lesson_price_id)
VALUES
  (81,'Nov 7, 2023','Dec 11, 2023',4,9),
  (82,'Nov 5, 2023','Dec 26, 2023',5,4),
  (83,'Nov 22, 2023','Dec 1, 2023',5,1),
  (84,'Nov 5, 2023','Dec 16, 2023',5,2),
  (85,'Nov 22, 2023','Dec 20, 2023',9,8),
  (86,'Nov 12, 2023','Dec 6, 2023',4,5),
  (87,'Nov 13, 2023','Dec 16, 2023',8,4),
  (88,'Nov 17, 2023','Dec 2, 2023',8,6),
  (89,'Nov 14, 2023','Dec 4, 2023',10,1),
  (90,'Nov 15, 2023','Dec 26, 2023',4,1);
INSERT INTO lesson_schedule (id,start_time,end_time,instructor_id,lesson_price_id)
VALUES
  (91,'Nov 21, 2023','Dec 12, 2023',1,4),
  (92,'Nov 29, 2023','Dec 4, 2023',8,7),
  (93,'Nov 11, 2023','Dec 19, 2023',8,9),
  (94,'Nov 10, 2023','Dec 29, 2023',3,4),
  (95,'Nov 11, 2023','Dec 28, 2023',7,1),
  (96,'Nov 8, 2023','Dec 4, 2023',9,5),
  (97,'Nov 2, 2023','Dec 12, 2023',10,6),
  (98,'Nov 27, 2023','Dec 2, 2023',5,5),
  (99,'Nov 20, 2023','Dec 23, 2023',7,10),
  (100,'Nov 18, 2023','Dec 7, 2023',3,4);

INSERT INTO lesson_capacity (id,max,min,lesson_id)
VALUES
  (1,8,2,1),
  (2,8,1,2),
  (3,8,0,3),
  (4,7,3,4),
  (5,9,3,5),
  (6,8,0,6),
  (7,9,2,7),
  (8,9,1,8),
  (9,8,2,9),
  (10,10,0,10);
INSERT INTO lesson_capacity (id,max,min,lesson_id)
VALUES
  (11,9,3,11),
  (12,9,1,12),
  (13,8,1,13),
  (14,8,2,14),
  (15,8,2,15),
  (16,7,1,16),
  (17,8,3,17),
  (18,7,1,18),
  (19,10,0,19),
  (20,9,1,20);
INSERT INTO lesson_capacity (id,max,min,lesson_id)
VALUES
  (21,7,1,21),
  (22,7,2,22),
  (23,9,3,23),
  (24,10,0,24),
  (25,9,0,25),
  (26,7,1,26),
  (27,8,1,27),
  (28,9,1,28),
  (29,10,1,29),
  (30,7,3,30);
INSERT INTO lesson_capacity (id,max,min,lesson_id)
VALUES
  (31,8,1,31),
  (32,8,2,32),
  (33,10,0,33),
  (34,9,3,34),
  (35,8,0,35),
  (36,8,2,36),
  (37,8,2,37),
  (38,9,2,38),
  (39,8,2,39),
  (40,7,1,40);
INSERT INTO lesson_capacity (id,max,min,lesson_id)
VALUES
  (41,8,2,41),
  (42,10,2,42),
  (43,8,2,43),
  (44,8,0,44),
  (45,7,1,45),
  (46,8,1,46),
  (47,8,2,47),
  (48,10,0,48),
  (49,10,1,49),
  (50,10,2,50);
INSERT INTO lesson_capacity (id,max,min,lesson_id)
VALUES
  (51,9,1,51),
  (52,8,0,52),
  (53,7,2,53),
  (54,8,0,54),
  (55,7,1,55),
  (56,9,3,56),
  (57,9,3,57),
  (58,8,1,58),
  (59,9,2,59),
  (60,8,0,60);
INSERT INTO lesson_capacity (id,max,min,lesson_id)
VALUES
  (61,9,3,61),
  (62,9,2,62),
  (63,7,3,63),
  (64,8,0,64),
  (65,8,1,65),
  (66,10,0,66),
  (67,7,2,67),
  (68,10,1,68),
  (69,8,3,69),
  (70,8,1,70);
INSERT INTO lesson_capacity (id,max,min,lesson_id)
VALUES
  (71,7,3,71),
  (72,9,2,72),
  (73,8,3,73),
  (74,10,3,74),
  (75,7,1,75),
  (76,8,1,76),
  (77,9,1,77),
  (78,7,3,78),
  (79,8,1,79),
  (80,8,1,80);
INSERT INTO lesson_capacity (id,max,min,lesson_id)
VALUES
  (81,8,3,81),
  (82,9,2,82),
  (83,9,0,83),
  (84,9,3,84),
  (85,9,3,85),
  (86,9,1,86),
  (87,9,2,87),
  (88,9,1,88),
  (89,8,1,89),
  (90,10,1,90);
INSERT INTO lesson_capacity (id,max,min,lesson_id)
VALUES
  (91,7,1,91),
  (92,9,2,92),
  (93,8,3,93),
  (94,10,3,94),
  (95,9,1,95),
  (96,8,0,96),
  (97,8,3,97),
  (98,9,1,98),
  (99,8,2,99),
  (100,10,3,100);

INSERT INTO lesson_genre (id,genre,lesson_id)
VALUES
  (1,'id',1),
  (2,'ipsum',2),
  (3,'odio.',3),
  (4,'diam.',4),
  (5,'eget',5),
  (6,'volutpat.',6),
  (7,'velit',7),
  (8,'Nam',8),
  (9,'tincidunt,',9),
  (10,'tincidunt.',10);
INSERT INTO lesson_genre (id,genre,lesson_id)
VALUES
  (11,'cursus',11),
  (12,'enim.',12),
  (13,'dis',13),
  (14,'mauris',14),
  (15,'orci.',15),
  (16,'eros.',16),
  (17,'Fusce',17),
  (18,'turpis',18),
  (19,'Sed',19),
  (20,'lectus',20);
INSERT INTO lesson_genre (id,genre,lesson_id)
VALUES
  (21,'erat',21),
  (22,'tempor',22),
  (23,'nisl',23),
  (24,'cursus',24),
  (25,'Duis',25),
  (26,'sed',26),
  (27,'sem',27),
  (28,'odio',28),
  (29,'Pellentesque',29),
  (30,'rhoncus.',30);
INSERT INTO lesson_genre (id,genre,lesson_id)
VALUES
  (31,'nunc',31),
  (32,'malesuada',32),
  (33,'nec',33),
  (34,'euismod',34),
  (35,'ante.',35),
  (36,'elementum,',36),
  (37,'lacus.',37),
  (38,'risus.',38),
  (39,'vestibulum',39),
  (40,'consectetuer',40);
INSERT INTO lesson_genre (id,genre,lesson_id)
VALUES
  (41,'pede.',41),
  (42,'sodales.',42),
  (43,'sit',43),
  (44,'felis.',44),
  (45,'odio',45),
  (46,'non,',46),
  (47,'fermentum',47),
  (48,'lobortis',48),
  (49,'Integer',49),
  (50,'Sed',50);


INSERT INTO lesson_instrument (id,taught_instrument,lesson_id)
VALUES
  (1,'consectetuer',51),
  (2,'mus.',52),
  (3,'erat,',53),
  (4,'justo.',54),
  (5,'eleifend.',55),
  (6,'ac',56),
  (7,'non',57),
  (8,'ligula.',58),
  (9,'fringilla',59),
  (10,'parturient',60);
INSERT INTO lesson_instrument (id,taught_instrument,lesson_id)
VALUES
  (11,'ac',61),
  (12,'erat.',62),
  (13,'et',63),
  (14,'Mauris',64),
  (15,'auctor',65),
  (16,'Nullam',66),
  (17,'Nunc',67),
  (18,'turpis',68),
  (19,'tristique',69),
  (20,'lorem,',70);
INSERT INTO lesson_instrument (id,taught_instrument,lesson_id)
VALUES
  (21,'eget',71),
  (22,'Vivamus',72),
  (23,'augue',73),
  (24,'diam',74),
  (25,'tortor.',75),
  (26,'velit.',76),
  (27,'odio.',77),
  (28,'sapien.',78),
  (29,'mi',79),
  (30,'malesuada',80);
INSERT INTO lesson_instrument (id,taught_instrument,lesson_id)
VALUES
  (31,'Duis',81),
  (32,'ac,',82),
  (33,'semper',83),
  (34,'aliquet',84),
  (35,'urna,',85),
  (36,'risus',86),
  (37,'molestie',87),
  (38,'purus',88),
  (39,'eu,',89),
  (40,'condimentum.',90);
INSERT INTO lesson_instrument (id,taught_instrument,lesson_id)
VALUES
  (41,'fringilla.',91),
  (42,'ridiculus',92),
  (43,'velit',93),
  (44,'Mauris',94),
  (45,'nunc.',95),
  (46,'ut,',96),
  (47,'a',97),
  (48,'mauris',98),
  (49,'eu',99),
  (50,'a',100);


INSERT INTO phone (id,phone_no)
VALUES
  (1,'455839225514'),
  (2,'433653452749'),
  (3,'712933633543'),
  (4,'817741525448'),
  (5,'658459469411'),
  (6,'421640197263'),
  (7,'426108508510'),
  (8,'681188813868'),
  (9,'648454262569'),
  (10,'256748677304');

INSERT INTO person_phone (person_id,phone_id)
VALUES
  (1,1),
  (2,2),
  (3,3),
  (4,4),
  (5,5),
  (6,6),
  (7,7),
  (8,8),
  (9,9),
  (10,10);

INSERT INTO student_lesson_schedule (lesson_id,student_id)
VALUES
  (1,12),
  (1,89),
  (1,78),
  (2,74),
  (3,25),
  (3,2),
  (3,91),
  (3,43),
  (3,38),
  (3,93),
  (3,27),
  (3,48),
  (3,98),
  (4,34),
  (4,69),
  (4,21),
  (6,68),
  (6,100),
  (7,22),
  (7,93),
  (7,64),
  (7,20),
  (8,56),
  (9,53),
  (9,47),
  (9,93),
  (9,6),
  (10,100),
  (10,41),
  (10,43),
  (10,35),
  (10,61),
  (10,75),
  (10,32),
  (10,7),
  (10,78),
  (10,40),
  (11,63),
  (11,53),
  (11,81),
  (11,61),
  (11,21),
  (13,69),
  (13,82),
  (13,61),
  (13,10),
  (14,37),
  (14,11),
  (15,5),
  (15,56),
  (15,60),
  (15,53),
  (15,90),
  (15,13),
  (15,76),
  (16,67),
  (16,15),
  (16,51),
  (16,3),
  (16,49),
  (17,46),
  (17,61),
  (17,5),
  (17,62),
  (17,56),
  (17,70),
  (17,57),
  (17,20),
  (17,50),
  (18,47),
  (18,13),
  (18,3),
  (18,2),
  (18,19),
  (18,12),
  (19,85),
  (19,96),
  (19,59),
  (19,3),
  (19,62),
  (19,90),
  (19,92),
  (20,27),
  (20,39),
  (20,40),
  (20,33),
  (20,81),
  (20,1),
  (21,34),
  (21,84),
  (21,55),
  (21,60),
  (21,50),
  (21,52),
  (21,88),
  (21,46),
  (22,5),
  (22,81),
  (22,29),
  (22,77),
  (22,88),
  (22,23),
  (22,69),
  (22,38),
  (23,64),
  (23,42),
  (23,89),
  (24,5),
  (24,18),
  (24,63),
  (24,13),
  (24,84),
  (24,89),
  (24,44),
  (24,81),
  (25,88),
  (25,62),
  (25,12),
  (25,31),
  (25,86),
  (25,4),
  (25,37),
  (25,97),
  (26,68),
  (26,36),
  (26,26),
  (26,22),
  (26,65),
  (26,98),
  (26,17),
  (26,13),
  (26,4),
  (26,84),
  (27,65),
  (27,84),
  (27,3),
  (27,28),
  (27,36),
  (27,40),
  (27,18),
  (28,57),
  (28,38),
  (28,41),
  (28,55),
  (28,97),
  (28,81),
  (28,35),
  (28,22),
  (29,36),
  (29,22),
  (29,46),
  (29,50),
  (29,32),
  (29,30),
  (30,10),
  (30,70),
  (30,47),
  (30,83),
  (30,9),
  (30,65),
  (30,19),
  (30,59),
  (30,11),
  (30,87),
  (31,48),
  (31,30),
  (31,51),
  (31,2),
  (31,15),
  (31,90),
  (31,1),
  (31,61),
  (31,86),
  (31,44),
  (32,11),
  (32,94),
  (33,84),
  (33,10),
  (33,88),
  (33,90),
  (33,25),
  (33,73),
  (33,27),
  (34,50),
  (34,47),
  (34,38),
  (34,31),
  (34,11),
  (34,49),
  (36,64),
  (36,1),
  (36,9),
  (36,43),
  (36,87),
  (36,10),
  (37,85),
  (37,87),
  (37,30),
  (37,31),
  (37,64),
  (37,4),
  (39,61),
  (40,78),
  (40,50),
  (40,68),
  (40,31),
  (41,12),
  (42,79),
  (43,99),
  (43,87),
  (43,30),
  (43,31),
  (43,4),
  (43,81),
  (43,16),
  (43,95),
  (44,39),
  (44,66),
  (44,25),
  (44,13),
  (44,3),
  (44,27),
  (44,60),
  (45,3),
  (45,9),
  (46,16),
  (46,6),
  (46,89),
  (46,11),
  (46,25),
  (47,11),
  (47,34),
  (47,62),
  (47,7),
  (47,81),
  (47,37),
  (47,43),
  (48,72),
  (48,27),
  (48,65),
  (48,90),
  (48,94),
  (48,10),
  (48,4),
  (48,14),
  (48,47),
  (48,88),
  (49,79),
  (49,76),
  (49,91),
  (49,72),
  (49,36),
  (49,99),
  (49,30),
  (50,2),
  (50,84),
  (50,62),
  (50,91),
  (50,61),
  (50,90),
  (51,21),
  (52,10),
  (52,36),
  (52,11),
  (52,95),
  (52,3),
  (52,42),
  (52,13),
  (52,47),
  (52,77),
  (52,19),
  (53,69),
  (53,79),
  (53,24),
  (53,31),
  (54,20),
  (54,2),
  (54,87),
  (54,93),
  (54,15),
  (54,6),
  (55,28),
  (55,59),
  (55,99),
  (55,96),
  (55,73),
  (56,26),
  (57,52),
  (57,70),
  (57,73),
  (57,62),
  (57,33),
  (57,92),
  (57,2),
  (57,83),
  (57,80),
  (58,35),
  (58,38),
  (58,90),
  (59,32),
  (59,75),
  (59,29),
  (60,58),
  (60,44),
  (60,22),
  (60,16),
  (60,45),
  (60,13),
  (60,79),
  (60,8),
  (60,68),
  (62,39),
  (62,17),
  (63,44),
  (63,1),
  (63,91),
  (63,29),
  (63,63),
  (63,68),
  (63,79),
  (63,17),
  (63,27),
  (64,48),
  (64,98),
  (64,61),
  (64,13),
  (65,50),
  (65,5),
  (65,72),
  (65,66),
  (65,89),
  (65,54),
  (65,1),
  (65,76),
  (66,16),
  (66,65),
  (66,86),
  (66,6),
  (66,58),
  (66,53),
  (66,90),
  (67,50),
  (67,58),
  (67,80),
  (68,18),
  (69,18),
  (69,91),
  (69,26),
  (69,100),
  (70,95),
  (70,21),
  (70,69),
  (71,42),
  (72,95),
  (72,17),
  (72,3),
  (72,99),
  (72,84),
  (72,28),
  (72,74),
  (72,31),
  (72,47),
  (73,83),
  (73,20),
  (73,19),
  (73,48),
  (73,29),
  (73,22),
  (73,76),
  (73,65),
  (73,36),
  (74,51),
  (74,78),
  (74,56),
  (74,52),
  (76,1),
  (76,7),
  (76,26),
  (76,61),
  (76,35),
  (76,90),
  (76,63),
  (76,40),
  (76,92),
  (77,64),
  (77,86),
  (78,11),
  (78,27),
  (78,57),
  (78,9),
  (78,97),
  (78,8),
  (78,42),
  (78,21),
  (79,20),
  (79,58),
  (80,35),
  (81,41),
  (81,47),
  (81,10),
  (81,60),
  (81,33),
  (81,75),
  (81,72),
  (81,57),
  (81,18),
  (82,67),
  (82,41),
  (83,31),
  (83,21),
  (83,25),
  (83,93),
  (83,89),
  (83,15),
  (83,77),
  (83,6),
  (83,57),
  (85,95),
  (85,31),
  (85,42),
  (85,75),
  (85,51),
  (85,43),
  (85,60),
  (86,92),
  (86,14),
  (86,38),
  (86,1),
  (87,48),
  (87,22),
  (87,59),
  (87,33),
  (87,34),
  (87,86),
  (87,63),
  (87,71),
  (87,65),
  (87,39),
  (88,95),
  (88,30),
  (88,42),
  (89,65),
  (89,47),
  (89,4),
  (89,79),
  (89,81),
  (89,96),
  (89,27),
  (89,37),
  (90,60),
  (90,82),
  (90,13),
  (90,71),
  (90,93),
  (90,61),
  (91,60),
  (91,91),
  (91,29),
  (91,27),
  (91,28),
  (91,92),
  (92,38),
  (92,42),
  (92,72),
  (92,65),
  (92,60),
  (92,64),
  (92,54),
  (92,85),
  (92,33),
  (92,13),
  (93,72),
  (93,67),
  (93,3),
  (93,60),
  (94,62),
  (94,21),
  (94,66),
  (94,32),
  (94,75),
  (95,94),
  (95,14),
  (95,96),
  (95,38),
  (95,90),
  (95,81),
  (96,19),
  (96,78),
  (96,54),
  (96,34),
  (99,79),
  (99,87),
  (99,75),
  (99,100),
  (99,12),
  (99,34),
  (100,57);

INSERT INTO rental_policy (id,max_rental_period,max_num_rental)
VALUES
  (1, 12, 2);

INSERT INTO rental (id,start_date,end_date,instrument_id,student_id,rental_policy_id)
VALUES
  (1,'Nov 12, 2023','Dec 28, 2023',1,1,1),
  (2,'Nov 24, 2023','Dec 20, 2023',2,2,1),
  (3,'Nov 13, 2023','Dec 17, 2023',3,3,1),
  (4,'Nov 15, 2023','Dec 19, 2023',4,4,1),
  (5,'Nov 28, 2023','Dec 4, 2023',5,5,1),
  (6,'Nov 21, 2023','Dec 10, 2023',6,6,1),
  (7,'Nov 9, 2023','Dec 9, 2023',7,7,1),
  (8,'Nov 21, 2023','Dec 4, 2023',8,8,1),
  (9,'Nov 7, 2023','Dec 6, 2023',9,9,1),
  (10,'Nov 18, 2023','Dec 30, 2023',10,10,1);

